{
  "network": {
    "n_nodes": 1023,
    "n_edges": 3066,
    "n_anastomoses": 2044,
    "n_terminals": 512,
    "n_cycles": 2044,
    "mean_degree": 5.994134897360704
  },
  "D": 1.4344676807090173,
  "last_completed_stage": "1-network"
}